product_name,category,brand,price,rating,features,description
Galaxy S25 Ultra,smartphone,Samsung,1199.99,4.8,"200MP camera, 12GB RAM, 5000mAh battery, 6.8-inch AMOLED, S-Pen included, Snapdragon 8 Gen 3, 256GB storage, Water resistant IP68, 45W fast charging","Samsung's flagship smartphone featuring a revolutionary 200MP camera system, the fastest Snapdragon processor, and the versatile S-Pen for productivity. Perfect for photography enthusiasts, professionals, and power users who demand the best."
iPhone 16 Pro,smartphone,Apple,1099.99,4.7,"A18 Bionic chip, Dynamic Island, ProMotion 120Hz, 48MP quad camera, 8GB RAM, FaceID, Always-On display, 256GB storage, Titanium frame","Apple's premium smartphone with cutting-edge A18 Bionic chip, exceptional camera performance, and stunning display in a premium titanium design. The iOS ecosystem integration offers seamless connectivity with other Apple devices."
Pixel 10,smartphone,Google,899.99,4.6,"Best computational photography, clean Android, 8GB RAM, 6.3-inch OLED, AI features, Night Sight, 128GB storage, Fast charging","Google's flagship with industry-leading computational photography and a clean Android experience. Features the purest Android experience with priority updates and Google's AI-powered features for smart functionality."
Nothing Phone (3),smartphone,Nothing,699.99,4.3,"Unique glyph interface, 120Hz OLED display, transparent design, 8GB RAM, 256GB storage, 50MP dual camera","Featuring the innovative glyph interface with customizable LED notification lights in a transparent design. The clean, minimal software offers a refreshing alternative to bloated interfaces while maintaining excellent performance."
Motorola Edge 50 Ultra,smartphone,Motorola,799.99,4.5,"Clean Android, 144Hz curved display, 68W TurboPower charging, 12GB RAM, 512GB storage, 50MP main camera","The Motorola Edge 50 Ultra combines a nearly stock Android experience with high-end specs and incredibly fast charging. Its curved display and premium design make it stand out in the competitive flagship market."
Audio-Technica ATH-M40x,headphones,Audio-Technica,99.99,4.7,"Studio quality, balanced sound signature, wired, comfortable padding, foldable design, 90-degree swiveling earcups, detachable cable","Professional studio monitor headphones with exceptionally accurate sound reproduction and comfortable design for long sessions. The balanced tuning makes them perfect for mixing, mastering, and critical listening applications."
Anker Soundcore Q30,headphones,Anker,79.99,4.5,"Active noise cancelling, wireless, 40-hour battery life, app EQ customization, comfortable design, multipoint connection","The best noise cancelling headphones under $100 with customizable EQ and excellent battery life. Three noise cancellation modes allow you to adapt to different environments, while the companion app offers extensive sound customization."
JBL Tune 760NC,headphones,JBL,89.99,4.3,"Punchy bass, wireless, ANC, foldable design, 35-hour battery life, voice assistant support","Comfortable wireless headphones with active noise cancellation and bass-forward sound signature. JBL's signature sound profile delivers enhanced bass response ideal for modern music genres, while maintaining clarity in the mids and highs."
Sony WH-CH720N,headphones,Sony,94.99,4.4,"Lightweight, ANC, 35-hour battery, multipoint connection, app support, quick charging","Lightweight noise cancelling headphones with good sound quality and multi-device connectivity. Sony's DSEE technology upscales compressed digital music files, restoring high-range sound lost in compression for better audio quality."
Philips SHP9500,headphones,Philips,74.99,4.6,"Open-back, audiophile, wired, wide soundstage, detailed highs, comfortable velour pads","Audiophile-grade open-back headphones with natural sound and wide soundstage for critical listening. The breathable ear cup design and low clamp force make them ideal for extended listening sessions without fatigue."
Dell XPS 13,laptop,Dell,1299.99,4.6,"Intel Core Ultra, 13.4-inch OLED, 16GB RAM, 512GB SSD, Windows 11 Pro, Thunderbolt 4, InfinityEdge display","Dell's premium ultraportable with excellent build quality, beautiful OLED display, and strong performance. The nearly borderless InfinityEdge display maximizes screen real estate in a compact form factor, making it ideal for professionals on the go."
MacBook Air M3,laptop,Apple,1199.99,4.8,"Apple M3 chip, 15-inch Liquid Retina display, 16GB RAM, 512GB SSD, macOS, 18-hour battery, fanless design","Apple's thin and light laptop with exceptional battery life and performance in a fanless design. The powerful M3 chip provides remarkable performance and efficiency for productivity tasks, creative work, and everyday computing."
Lenovo ThinkPad X1 Carbon,laptop,Lenovo,1499.99,4.7,"Intel Core i7, 14-inch display, 16GB RAM, 1TB SSD, Windows 11 Pro, legendary keyboard, military-grade durability","Premium business laptop with legendary keyboard, durability, and strong security features. The carbon fiber chassis provides military-grade durability while maintaining a lightweight profile, perfect for business travelers."
HP Envy x360,laptop,HP,899.99,4.4,"2-in-1 touchscreen, AMD Ryzen 7, 16GB RAM, 512GB SSD, Windows 11, 360-degree hinge, stylus support","Versatile 2-in-1 laptop that can be used as a tablet, with good performance for productivity and creative work. The 360-degree hinge allows for multiple usage modes, making it perfect for note-taking, drawing, and presentation scenarios."
Acer Swift 3,laptop,Acer,699.99,4.3,"Intel Core i5, 14-inch IPS display, 8GB RAM, 256GB SSD, Windows 11, lightweight, good battery life","Budget-friendly laptop with solid performance for everyday tasks and good battery life. At just 2.65 pounds with a thin aluminum chassis, it's ideal for students and professionals who need a reliable, portable computing solution."
Samsung 55" QN90C QLED TV,tv,Samsung,899.99,4.5,"4K, QLED, HDR, 120Hz refresh rate, Smart TV, Tizen OS, Mini-LED backlighting, Gaming Hub","Samsung's premium QLED TV with excellent brightness, color accuracy and smart features. The mini-LED backlighting provides precise local dimming for deep blacks and bright highlights, making it perfect for both bright rooms and cinematic viewing."
LG C3 OLED 65",tv,LG,1499.99,4.8,"4K, OLED, HDR, 120Hz, webOS, Dolby Vision, G-SYNC compatible, 4 HDMI 2.1 ports, AI processing","LG's flagship OLED TV with perfect blacks, infinite contrast, and excellent gaming features. The self-lit pixels provide unmatched contrast and viewing angles, while the dedicated gaming features make it ideal for next-gen console gaming."
Sony A80K 55",tv,Sony,1299.99,4.7,"4K, OLED, HDR, 120Hz, Google TV, Acoustic Surface Audio, XR processor, BRAVIA CORE streaming","Sony's premium OLED TV with exceptional picture processing and innovative sound from the screen technology. The Acoustic Surface technology turns the entire screen into a speaker for more immersive audio that's perfectly matched to on-screen action."
TCL 6-Series 65" (R655),tv,TCL,999.99,4.4,"4K, QLED, HDR, 120Hz, Roku OS, Dolby Vision, Variable Refresh Rate, Mini-LED, Gaming Mode","TCL's best value TV with QLED technology, mini-LED backlighting, and comprehensive HDR support. The combination of quantum dot color technology and mini-LED backlighting provides outstanding picture quality at a fraction of the price of premium brands."
Hisense U8K 55",tv,Hisense,899.99,4.5,"4K, Mini-LED, HDR, 120Hz, Google TV, Local Dimming, IMAX Enhanced, Dolby Vision IQ, Gaming Mode Pro","Hisense's high-performance TV with mini-LED backlighting, excellent brightness, and gaming features. The Mini-LED technology delivers up to 1,000 nits of peak brightness with precise local dimming, making HDR content look spectacular."
Eco-friendly Denim Jeans,fashion,Everlane,89.99,4.2,"Sustainable manufacturing, 98% recycled water, organic cotton, classic fit, durable construction","Sustainable denim made with organic cotton and eco-friendly manufacturing processes to reduce water usage. These jeans combine timeless style with modern sustainability practices, using 98% less water than traditional denim manufacturing."
Oversized Blazer,fashion,H&M,129.99,4.3,"Oversized fit, structured shoulders, versatile style, recycled polyester blend, interior pockets","Versatile oversized blazer that works for both casual and formal settings with structured shoulders. The relaxed silhouette is on-trend while remaining a timeless piece that can elevate any outfit from casual to business casual."
Athletic Leisure Set,fashion,Lululemon,149.99,4.6,"Stretch fabric, moisture-wicking, matching set, breathable, four-way stretch, quick-drying","Premium athleisure set perfect for both workouts and casual outings with stretch fabric and moisture-wicking properties. The four-way stretch fabric moves with your body while the moisture-wicking technology keeps you dry during any activity."
Retro Sneakers,fashion,Nike,99.99,4.5,"Vintage-inspired, cushioned sole, recycled materials, comfortable insole, classic colorways","Classic retro-style sneakers made with some recycled materials and designed for all-day comfort. These sneakers combine nostalgic design elements with modern comfort technology for a shoe that's both stylish and functional."
Sustainable T-shirt,fashion,Organic Basics,39.99,4.4,"Organic cotton, fair trade, climate neutral, durable stitching, pre-shrunk fabric","Basic sustainable t-shirt made from 100% organic cotton under fair trade conditions. The climate-neutral manufacturing process and durable construction ensure this versatile basic has a minimal environmental impact while lasting longer."
Sony Alpha A7 IV,camera,Sony,2499.99,4.8,"33MP full-frame sensor, 4K 60p video, 10fps continuous shooting, 5-axis stabilization, 759-point autofocus","A professional-grade mirrorless camera with exceptional image quality and versatile video capabilities. The hybrid autofocus system with real-time tracking ensures sharp focus for both stills and video in challenging conditions."
Canon EOS R6 Mark II,camera,Canon,2299.99,4.7,"24.2MP full-frame sensor, 4K 60p video, 40fps electronic shutter, in-body stabilization, Dual Pixel AF","Canon's versatile mirrorless camera offering excellent low-light performance and professional video features. The Dual Pixel autofocus is industry-leading for tracking subjects, making it perfect for sports, wildlife, and event photography."
Fujifilm X-T5,camera,Fujifilm,1699.99,4.6,"40MP APS-C sensor, 6.2K video, retro-inspired design, film simulations, weather-sealed, 20fps shooting","Combines classic design with modern technology, featuring Fujifilm's renowned color science and film simulations. The compact form factor and intuitive dial controls make it perfect for street photography and travel."
GoPro Hero 12 Black,camera,GoPro,399.99,4.5,"5.3K video, waterproof to 33ft, HyperSmooth stabilization, HDR, time-lapse, voice control, live streaming","The ultimate action camera for capturing adventures in extreme conditions. Waterproof without a case and featuring incredible image stabilization, it's perfect for sports, travel, and underwater photography."
DJI Air 3,camera,DJI,1099.99,4.7,"4/3 CMOS sensor, 4K 60fps video, 3-axis gimbal, 46-minute flight time, obstacle avoidance, 15km video transmission","A versatile drone camera with exceptional flight time and image quality. The advanced obstacle avoidance system and stable video transmission make it ideal for aerial photography and videography in various environments."
Dyson V15 Detect,appliance,Dyson,699.99,4.6,"Laser dust detection, HEPA filtration, 60-minute runtime, LCD screen, 5 attachment tools, powerful suction","Revolutionary cordless vacuum with laser technology that reveals invisible dust particles. The intelligent suction adjustment and detailed LCD display provide real-time feedback on cleaning performance and remaining battery life."
Ninja Foodi 10-in-1,appliance,Ninja,219.99,4.7,"Pressure cooking, air frying, slow cooking, steaming, broiling, dehydrating, 6.5-quart capacity","Multi-functional kitchen appliance that combines pressure cooking and air frying capabilities. Reduces cooking time by up to 70% while offering versatility to create everything from crispy french fries to tender slow-cooked meals."
Breville Barista Express,appliance,Breville,699.99,4.8,"Built-in grinder, 15 bar pressure, steam wand, digital temperature control, 67oz water tank","Semi-automatic espresso machine with integrated burr grinder for bean-to-cup experience. The precise extraction and milk texturing capabilities allow you to create cafe-quality espresso drinks at home with professional results."
LG 26 cu.ft Smart Refrigerator,appliance,LG,1799.99,4.5,"French door design, InstaView window, WiFi connectivity, water dispenser, ice maker, smart cooling system","Modern refrigerator with innovative InstaView door-in-door feature that lets you see inside without opening the door. The smart features allow remote temperature adjustment and provide alerts if the door is left open."
iRobot Roomba j9+,appliance,iRobot,899.99,4.4,"Self-emptying base, smart mapping, obstacle avoidance, pet hair focused, scheduled cleaning, voice control","Advanced robot vacuum with intelligent mapping and self-emptying capabilities. The PrecisionVision Navigation system recognizes and avoids common obstacles, while the self-emptying base holds up to 60 days of dirt and debris."
Kindle Paperwhite,electronic,Amazon,139.99,4.7,"6.8-inch E-ink display, waterproof, adjustable warm light, 10-week battery life, 8GB storage","The ideal e-reader with a glare-free display that reads like real paper, even in direct sunlight. The waterproof design makes it perfect for reading at the beach or in the bath, while the long battery life ensures weeks of reading."
Bose QuietComfort Earbuds II,electronic,Bose,279.99,4.6,"Noise cancelling, CustomTune technology, 6-hour battery, IPX4 water resistance, touch controls","Premium wireless earbuds with exceptional noise cancellation and sound quality. The CustomTune technology automatically calibrates both noise cancellation and sound performance to your ears for a personalized listening experience."
Logitech MX Master 3S,electronic,Logitech,99.99,4.8,"8K DPI sensor, silent clicks, ergonomic design, multi-device, customizable buttons, USB-C charging","Advanced ergonomic mouse with ultra-precise tracking and quiet clicks. The electromagnetic scrolling wheel and thumb controls provide efficient navigation, while the ability to connect to multiple devices enhances productivity."
Apple Watch Series 9,electronic,Apple,399.99,4.7,"Always-on Retina display, ECG, blood oxygen, sleep tracking, crash detection, water resistant, 18-hour battery","A comprehensive health and fitness companion that also serves as an extension of your iPhone. The advanced health sensors provide valuable insights, while the seamless integration with the Apple ecosystem enhances convenience."
Sony WF-1000XM5,electronic,Sony,299.99,4.8,"Industry-leading noise cancellation, 8-hour battery, wireless charging, LDAC hi-res audio, speak-to-chat","Sony's flagship wireless earbuds with exceptional noise cancellation and audio quality. The intelligent features like speak-to-chat and adaptive sound control automatically adjust to your environment and activities."
Herman Miller Aeron Chair,furniture,Herman Miller,1395.00,4.9,"Ergonomic design, adjustable lumbar support, breathable mesh, 12-year warranty, PostureFit SL technology","The gold standard in ergonomic office chairs, featuring patented technologies that support proper posture and provide all-day comfort. The breathable suspension material distributes weight evenly and eliminates pressure points."
IKEA BILLY Bookcase,furniture,IKEA,69.99,4.3,"Adjustable shelves, versatile design, 31.5 x 11 x 79.5 inches, various finishes, easy assembly","A versatile and affordable bookcase that fits almost any space. The simple design has made it a classic, with adjustable shelves that accommodate items of various sizes from books to decorative objects."
Article Sven Sofa,furniture,Article,1299.00,4.6,"Genuine leather, mid-century modern design, comfortable cushions, solid wood legs, 88-inch width","A stylish mid-century modern leather sofa that combines comfort with timeless design. The full-aniline leather develops a beautiful patina over time, making each piece uniquely yours as it ages gracefully."
Casper Original Mattress (Queen),furniture,Casper,1095.00,4.5,"Zoned support, cooling technology, 10-inch height, 100-night trial, 10-year warranty","An innovative mattress with zoned support that provides softer foam under shoulders and firmer foam under hips for proper spinal alignment. The breathable design helps maintain a comfortable sleeping temperature."
West Elm Mid-Century Desk,furniture,West Elm,799.00,4.4,"Solid wood construction, mid-century design, two drawers, 48 x 24 inches, FSC-certified wood","A beautifully crafted desk inspired by mid-century design with clean lines and tapered legs. The sustainably sourced wood and quality construction ensure this piece will last for years while adding style to your home office."
NordicTrack Commercial 1750,fitness,NordicTrack,1799.99,4.5,"14-inch touchscreen, -3% to 15% incline, 12 MPH max speed, folding design, iFit compatibility","A premium treadmill with immersive training programs and automatic adjustment of speed and incline. The cushioning system reduces impact on joints while the powerful motor provides smooth performance even during intense workouts."
Concept2 RowErg,fitness,Concept2,990.00,4.9,"PM5 performance monitor, air resistance, ergonomic handle, 500lb capacity, separates for storage","The industry standard rowing machine used by Olympic athletes and fitness enthusiasts. The air resistance system provides a smooth rowing experience that mimics the feel of rowing on water, with accurate performance tracking."
Bowflex SelectTech 552 Dumbbells,fitness,Bowflex,399.99,4.7,"Adjustable from 5-52.5 lbs, space-saving design, dial adjustment system, durable molding","Space-efficient adjustable dumbbells that replace 15 pairs of weights. The simple dial system allows you to change resistance quickly between exercises, making home strength training more convenient and effective."
Peloton Bike+,fitness,Peloton,2495.00,4.8,"22-inch rotating touchscreen, automatic resistance, Apple GymKit integration, compact footprint","An immersive indoor cycling experience with thousands of live and on-demand classes. The rotating screen allows for easy transition between cycling and floor workouts, while the automatic resistance follows instructor guidance."
Lululemon The Mat 5mm,fitness,Lululemon,88.00,4.6,"Antimicrobial surface, reversible design, 5mm thickness, non-slip grip, moisture absorption","A high-performance yoga mat with exceptional grip that actually improves when wet. The antimicrobial additive prevents mold and mildew, while the cushioned natural rubber provides comfort for joints during practice."